Day,Slot,Session,Paper ID,Poster submitted,Organization,Municipality,Country,UTC,Time Zone,Contact Author,All Authors and Organizations,Primary Subject Area,Secondary Subject Areas,Poster code,Slack Channel,Slack URL,Youtube,bilibili
1,1,1,5,x,Kyoto University,Kyoto,Japan,9,JST (UTC +9),Go Shibata,Go Shibata ( Kyoto University)*; Ryo Nishikimi (Kyoto University); Kazuyoshi Yoshii (Kyoto University),"Musical features and properties -> Structure, segmentation, and form",,1-01,poster-1-01-shibata,https://ismir2020.slack.com/archives/C01AATJ56D9,https://youtu.be/LJ9og9C7QCc,https://www.bilibili.com/video/BV1DZ4y1578c/
1,1,1,28,x,Keio University,Fujisawa,Japan,9,JST (UTC +9),Patrick E. Savage,Yuchen Yuan (Keio University); Sho Oishi (Keio University); Charles Cronin (George Washing University Law School); Daniel Müllensiefen (Goldsmiths); Quentin Atkinson (University of Auckland); Shinya Fujii (Keio University); Patrick E. Savage (Keio University)*,Domain knowledge -> Cognitive MIR,Applications -> Business and marketing; MIR tasks -> Similarity metrics; Musical features and properties -> Melody and motives; Philosophical and ethical discussions -> Legal and societal aspects of MIR,1-02,poster-1-02-yuan,https://ismir2020.slack.com/archives/C01CBL5CLDS,https://youtu.be/lljjMobOzGo,https://www.bilibili.com/video/BV1vD4y1R72m/
1,1,1,61,x,Universidade Federal de Campina Grande,Campina Grande,Brazil,-3,BRT (UTC -3),Felipe V Falcão,Felipe V Falcão (Universidade Federal de Campina Grande)*; Nazareno Andrade (Universidade Federal de Campina Grande); Flavio Figueiredo (UFMG); Diego Furtado Silva (Universidade Federal de São Carlos); Fabio Morais (Universidade Federal de Campina Grande),"Evaluation, datasets, and reproducibility -> Evaluation metrics","Applications -> Music retrieval systems; Evaluation, datasets, and reproducibility -> Evaluation methodology; Evaluation, datasets, and reproducibility -> MIR tasks; Evaluation, datasets, and reproducibility -> Novel datasets and use cases; MIR tasks -> Similarity metrics",1-03,poster-1-03-falcão,https://ismir2020.slack.com/archives/C01BR2JU7ST,https://youtu.be/xJqOFo8_U88,https://www.bilibili.com/video/BV1xA41177E9/
1,1,1,89,x,NYU Shanghai,Shanghai,China,8,CST (UTC +8),Ziyu Wang,Ziyu Wang (NYU Shanghai)*; Ke Chen (University of California San Diego); Junyan Jiang (Carnegie Mellon University); Yiyi Zhang (New York University); Maoran Xu (University of Florida); Shuqi Dai (Carnegie Mellon University); Gus Xia (New York University Shanghai),"Evaluation, datasets, and reproducibility -> Novel datasets and use cases","Applications -> Music composition, performance, and production; Domain knowledge -> Machine learning/Artificial intelligence for music; MIR tasks -> Music transcription and annotation; Musical features and properties -> Musical style and genre",1-04,poster-1-04-wang,https://ismir2020.slack.com/archives/C01BZ2YQDB8,https://youtu.be/eWzRXx82F0A,https://www.bilibili.com/video/BV1ki4y1E7wy/
1,1,1,95,x,Sony Computer Science Laboratories,Tokyo,Japan,9,JST (UTC +9),Taketo Akama,Taketo Akama (Sony CSL)*,Domain knowledge -> Machine learning/Artificial intelligence for music,"Applications -> Music composition, performance, and production",1-05,poster-1-05-akama,https://ismir2020.slack.com/archives/C01CBV8HSKW,https://youtu.be/G7i-ITIhWkc,https://www.bilibili.com/video/BV1Ji4y1E7vL/
1,1,1,98,x,International Institute of Information Technology,Hyderabad,India,5.5,IST (UTC+5:30),Yudhik Agrawal,Yudhik Agrawal ( IIIT Hyderabad)*; Samyak Jain (IIIT Hyderabad); Emily Carlson (University of Jyväskylä); Petri Toiviainen (University of Jyväskylä); Vinoo  Alluri (IIIT - Hyderabad),"Human-centered MIR -> User behavior analysis and mining, user modeling",Domain knowledge -> Machine learning/Artificial intelligence for music; Human-centered MIR -> Human-computer interaction and interfaces; Human-centered MIR -> Personalization; MIR fundamentals and methodology -> Multimodality,1-06,poster-1-06-agrawal,https://ismir2020.slack.com/archives/C01C2MXBCGM,https://youtu.be/fPk-mA-uYgE,https://www.bilibili.com/video/BV1nK411N7nK/
1,1,1,139,x,Harvey Mudd College,Claremont,United States,-5,CDT (UTC-5),Timothy Tsai,Mengyi Shan (Harvey Mudd College); Timothy Tsai (Harvey Mudd College)*,"MIR tasks -> Alignment, synchronization, and score following",MIR fundamentals and methodology -> Multimodality; MIR fundamentals and methodology -> Music signal processing,1-07,poster-1-07-shan,https://ismir2020.slack.com/archives/C01BR2TK0KH,https://youtu.be/L7muYrcIMwo,https://www.bilibili.com/video/BV1nK4y1h7ZB/
1,1,1,142,x,"iZotope, Inc.",Cambridge,USA,-4,EDT (UTC-4),Shahan Nercessian,"Shahan Nercessian (iZotope, Inc.)*",MIR tasks -> Music synthesis and transformation,"Domain knowledge -> Machine learning/Artificial intelligence for music; Musical features and properties -> Timbre, instrumentation, and voice",1-08,poster-1-08-nercessian,https://ismir2020.slack.com/archives/C01CBVC7PU4,https://youtu.be/2znbhpN2qHo,https://www.bilibili.com/video/BV1vT4y1c7v1/
1,1,1,146,x,"University of California, San Diego",La Jolla,the United States,8,UTC+8,Ke Chen,"Ke Chen (University of California San Diego)*; Cheng-i Wang (Smule, Inc); Taylor Berg-Kirkpatrick (University of California San Diego); Shlomo Dubnov (UC San Diego)",Domain knowledge -> Machine learning/Artificial intelligence for music,"Applications -> Music composition, performance, and production; Domain knowledge -> Representations of music; Human-centered MIR -> Human-computer interaction and interfaces; Musical features and properties -> Melody and motives; Musical features and properties -> Rhythm, beat, tempo",1-09,poster-1-09-chen,https://ismir2020.slack.com/archives/C01CC003TSQ,https://youtu.be/_5ATIpZoNII,https://www.bilibili.com/video/BV1da4y1575g/ 
1,1,1,157,x,Academia Sinica,Taipei,Taiwan,8,CST(UTC+8),Yu-Fen Huang,"Yu-Fen Huang (Academia Sinica)*; Jeng-I Liang (Department of Traditional Music, Taipei National University of the Arts); I-CHIEH WEI (Institute of Information Science Academia Sinica); Li Su (Academia Sinica)",Domain knowledge -> Computational music theory and musicology,MIR tasks -> Automatic classification; Musical features and properties -> Expression and performative aspects of music,1-10,poster-1-10-huang,https://ismir2020.slack.com/archives/C01BZ3D7Q3G,https://youtu.be/VFyMNTGtYxA,https://www.bilibili.com/video/BV1gK411A7bD/
1,1,1,160,x,KAIST,Daejeon,KOREA,9,KST (UTC +9),Sangeun Kum,Sangeun Kum (KAIST)*; Jing-Hua Lin (Academia Sinica); Li Su (Academia Sinica); Juhan Nam (KAIST),Musical features and properties -> Melody and motives,"Evaluation, datasets, and reproducibility -> Novel datasets and use cases; MIR tasks -> Music transcription and annotation",1-11,poster-1-11-kum,https://ismir2020.slack.com/archives/C01CJE0MH89,https://youtu.be/OOyxSCUHqtQ,https://www.bilibili.com/video/BV1nz4y1o7wk/
1,1,1,187,x,University of California San Diego,La Jolla,United States,8,Taipei Time (UTC +8),Hao-Wen Dong,"Hao-Wen Dong (University of California San Diego)*; Ke Chen (University of California San Diego); Julian McAuley (University of California, San Diego); Taylor Berg-Kirkpatrick (UCSD)",MIR fundamentals and methodology -> Symbolic music processing,"Applications -> Music composition, performance, and production; Domain knowledge -> Machine learning/Artificial intelligence for music; Domain knowledge -> Representations of music; Evaluation, datasets, and reproducibility -> Evaluation metrics; Evaluation, datasets, and reproducibility -> Reproducibility",1-12,poster-1-12-dong,https://ismir2020.slack.com/archives/C01CC0APXUL,https://youtu.be/y9OzieucOEg,https://www.bilibili.com/video/BV1dA41177yx/
1,1,1,222,x,Singapore,Singapore,Singapore,8,SGT,HAO HAO TAN,HAO HAO TAN (Singapore University of Technology and Design)*; Dorien Herremans (Singapore University of Technology and Design),Domain knowledge -> Machine learning/Artificial intelligence for music,MIR tasks -> Music synthesis and transformation,1-13,poster-1-13-tan,https://ismir2020.slack.com/archives/C01C2NES3NH,https://youtu.be/BI3QNav6DI0,https://www.bilibili.com/video/BV1aa4y1L7pZ/
1,1,1,281,x,New York University,New York City,United States,8,CST (UTC +8),Yu Wang,Yu Wang (NYU)*; Justin Salamon (Adobe Research); Mark Cartwright (New York University); Nicholas J. Bryan (Adobe Research); Juan P Bello (New York University),MIR tasks -> Music transcription and annotation,Domain knowledge -> Machine learning/Artificial intelligence for music,1-14,poster-1-14-wang,https://ismir2020.slack.com/archives/C01CVLFQ848,https://youtu.be/GqHi_KoEvzE,https://www.bilibili.com/video/BV1k54y1k79T/
1,1,1,300,x,Georgia Institute of Technology,Atlanta,USA,-4,EDT (UTC-4),Ashis Pati,Ashis Pati (Georgia Institute of Technology)*; Siddharth Kumar Gururani (Georgia Institute of Technology); Alexander Lerch (Georgia Tech Center for Music Technology),Domain knowledge -> Machine learning/Artificial intelligence for music,"Domain knowledge -> Representations of music; Evaluation, datasets, and reproducibility -> Novel datasets and use cases; Evaluation, datasets, and reproducibility -> Reproducibility; MIR fundamentals and methodology -> Symbolic music processing",1-15,poster-1-15-pati,https://ismir2020.slack.com/archives/C01C61YFSEP,https://youtu.be/CsvbkAE2gyI,https://www.bilibili.com/video/BV1r541157AX/
1,1,1,326,x,Georgia Institute of Technology,Atlanta,United States,-4,EDT,Jason Smith,Jason Smith (Georgia Tech)*; Erin Truesdell (Georgia Tech); Jason Freeman (Georgia Institute of Technology); Brian Magerko (Georgia Institute of Technology); Kristy Boyer (University of Florida); Tom Mcklin (The Findings Group),Applications -> Music training and education,"Domain knowledge -> Representations of music; Human-centered MIR -> User behavior analysis and mining, user modeling; MIR fundamentals and methodology -> Multimodality; MIR fundamentals and methodology -> Symbolic music processing; Musical features and properties -> Structure, segmentation, and form",1-16,poster-1-16-smith,https://ismir2020.slack.com/archives/C01CJEE70PK,https://youtu.be/nIw0pqoX_SA,https://www.bilibili.com/video/BV1jT4y1w7yg/
1,1,1,339,x,National Taiwan University,Taipei,Taiwan,8,UTC+8,Shih-Lun Wu,Shih-Lun Wu (National Taiwan University)*; Yi-Hsuan Yang (Academia Sinica),"Evaluation, datasets, and reproducibility -> Evaluation metrics","Applications -> Music composition, performance, and production; Domain knowledge -> Machine learning/Artificial intelligence for music",1-17,poster-1-17-wu,https://ismir2020.slack.com/archives/C01C5RBU1RQ,https://youtu.be/lrX2va_S8DU,https://www.bilibili.com/video/BV1La4y1L7QX/
1,1,1,354,354_Chaki.pdf,"Indian Institute of Technology, Kharagpur",Kharagpur,India,5.5,IST (UTC +5:30),Sanga Chaki,"Sanga Chaki (Indian Institute of Technology, Kharagpur, India)*; Pranjal Doshi (IIT Kharagpur); Sourangshu Bhattacharya (Indian Institute of Technology Kharagpur); Prof. Priyadarshi Patnaik (Indian Institute of Technology Kharagpur)","Musical features and properties -> Musical affect, emotion, and mood",Applications -> Music recommendation and playlist generation; Applications -> Music retrieval systems; Domain knowledge -> Machine learning/Artificial intelligence for music; MIR tasks -> Automatic classification; MIR tasks -> Pattern matching and detection,1-18,poster-1-18-chaki,https://ismir2020.slack.com/archives/C01C2NS0AUV,https://youtu.be/nXE5ON2MXPY,https://www.bilibili.com/video/BV1ay4y1C7zu/
1,1,1,362,x,The University of Hong Kong,Hong Kong,Hong Kong S. A. R.,8,HKT (UTC +8),Meijun Liu,Meijun Liu (HKU)*; Eva Zangerle (University of Innsbruck); Xiao Hu (The University of Hong Kong); Alessandro Melchiorre (Johannes Kepler University Linz); Markus Schedl (Johannes Kepler University Linz),Applications -> Music retrieval systems,"Applications -> Music and health, well-being, and therapy; Applications -> Music recommendation and playlist generation; Musical features and properties -> Musical affect, emotion, and mood",1-19,poster-1-19-liu,https://ismir2020.slack.com/archives/C01BR3N6ML7,https://youtu.be/ar6ZQtZ1P7U,
1,2,2,12,12_Peracha.pdf,Humtap,London,UK,1,BST (UTC+1),Omar A Peracha,"Omar A Peracha (Humtap, Inc.)*",MIR tasks -> Pattern matching and detection,"Applications -> Music composition, performance, and production",2-01,poster-2-01-peracha,https://ismir2020.slack.com/archives/C01BZ41C030,https://youtu.be/F6PPXlK0zs0,https://www.bilibili.com/video/BV1Xt4y1q7dz/
1,2,2,21,x,Engineering Department,Claremont,US,-7,PDT (UTC -7),Timothy Tsai,Timothy Tsai (Harvey Mudd College)*; Kevin Ji (Harvey Mudd College),Musical features and properties -> Musical style and genre,Domain knowledge -> Machine learning/Artificial intelligence for music; Domain knowledge -> Representations of music; MIR fundamentals and methodology -> Symbolic music processing; MIR tasks -> Automatic classification,2-02,poster-2-02-tsai,https://ismir2020.slack.com/archives/C01BR3T76F9,https://youtu.be/SiS09hcDMtM,https://www.bilibili.com/video/BV1sD4y1R7FU/
1,2,2,23,x,International Audio Laboratories Erlangen,Erlangen,Germany,2,CEST (UTC +2),Frank Zalkow,Frank Zalkow (International Audio Laboratories Erlangen)*; Meinard Müller (International Audio Laboratories Erlangen),Applications -> Music retrieval systems,"Domain knowledge -> Machine learning/Artificial intelligence for music; Domain knowledge -> Representations of music; MIR fundamentals and methodology -> Music signal processing; MIR tasks -> Alignment, synchronization, and score following; Musical features and properties -> Harmony, chords, and tonality",2-03,poster-2-03-zalkow,https://ismir2020.slack.com/archives/C01BR3U4539,https://youtu.be/5Kcmev0hOhU,https://www.bilibili.com/video/BV1NV41127Rs/
1,2,2,46,x,Korea University,Seoul,Republic of Korea,-9,UTC-9,Woosung Choi,Woosung Choi (Korea University)*; Minseok  Kim (Korea University); Jaehwa Chung (Korea National Open University); Daewon Lee (Seokyeong University); Soonyoung Jung (Korea University),MIR tasks -> Sound source separation,"Musical features and properties -> Timbre, instrumentation, and voice",2-04,poster-2-04-choi,https://ismir2020.slack.com/archives/C01C5RM0NPL,https://youtu.be/bC7lhqB-tpo,https://www.bilibili.com/video/BV18v411y7YF/
1,2,2,58,x,Friedrich-Alexander-Universität Erlangen-Nürnberg,Erlangen,Deutschland,2,CEST (UTC +2),Christof Weiss,"Christof Weiss (International Audio Laboratories Erlangen)*; Stephanie Klauk (Institut für Musikwissenschaft, Saarland University); Mark R H Gotham (Universität des Saarlandes); Meinard Müller (International Audio Laboratories Erlangen); Rainer Kleinertz (Saarland University)",Domain knowledge -> Computational music theory and musicology,,2-05,poster-2-05-weiss,https://ismir2020.slack.com/archives/C01CVM13P16,https://youtu.be/sAXMMZer3Tk,https://www.bilibili.com/video/BV1Ey4y1C7ws/
1,2,2,80,x,Ecole Polytechnique Fédérale de Lausanne,Lausanne,Switzerland,2,CEST,Daniel Harasim,Daniel Harasim (École Polytechnique Fédérale de Lausanne)*; Christoph Finkensiep (EPFL); Petter Ericson (EPFL); Timothy J. O'Donnell (McGill University); Martin Rohrmeier (Ecole Polytechnique Fédérale de Lausanne),"Evaluation, datasets, and reproducibility -> Novel datasets and use cases","Domain knowledge -> Computational music theory and musicology; Domain knowledge -> Representations of music; Evaluation, datasets, and reproducibility -> Annotation protocols; Musical features and properties -> Harmony, chords, and tonality; Musical features and properties -> Structure, segmentation, and form",2-06,poster-2-06-harasim,https://ismir2020.slack.com/archives/C01CJESSX25,https://youtu.be/KP_e1uyCvW4,https://www.bilibili.com/video/BV1nK4y1h7i4/
1,2,2,126,x,Apple,London,UK,1,BST (UTC +1),Bruno Di Giorgi,Bruno Di Giorgi (Apple)*; Matthias Mauch (Apple); Mark Levy (Apple),Domain knowledge -> Machine learning/Artificial intelligence for music,"MIR tasks -> Music transcription and annotation; Musical features and properties -> Rhythm, beat, tempo",2-07,poster-2-07-di-giorgi,https://ismir2020.slack.com/archives/C01BR3YK8NT,https://youtu.be/g-4wkur8Szk,https://www.bilibili.com/video/BV1cK411N7PR/
1,2,2,133,x,University of Amsterdam,Amsterdam,The Netherlands,2,CEST (UTC+2),Arianne N. van Nieuwenhuijsen,Arianne N. van Nieuwenhuijsen (None)*; John Ashley Burgoyne (University of Amsterdam); Frans Wiering (Utrecht University); Mick Sneekes (Utrecht University),MIR tasks -> Music summarization,"Applications -> Music retrieval systems; Human-centered MIR -> User behavior analysis and mining, user modeling",2-08,poster-2-08-van-nieuwenhuijsen,https://ismir2020.slack.com/archives/C01CVM4BQBA,https://youtu.be/VmZmSqG_wdA,https://www.bilibili.com/video/BV1Tk4y1C7ye/
1,2,2,135,x,Voctro Labs,Maagan Michael,Israel,2,CEST (UTC +2),Matan Gover,Matan Gover (McGill University)*; Philippe Depalle (McGill University),MIR tasks -> Sound source separation,Domain knowledge -> Machine learning/Artificial intelligence for music; MIR fundamentals and methodology -> Music signal processing,2-09,poster-2-09-gover,https://ismir2020.slack.com/archives/C01C62FJA2F,https://youtu.be/AvU_jW-p-GI,https://www.bilibili.com/video/BV1Ji4y1E73d/
1,2,2,137,x,Delft University of Technology,Delft,The Netherlands,2,CEST (UTC+2),Cynthia C. S. Liem,Cynthia C. S. Liem (Delft University of Technology)*; Chris Mostert (Delft University of Technology),"Evaluation, datasets, and reproducibility -> Reproducibility","Domain knowledge -> Machine learning/Artificial intelligence for music; Evaluation, datasets, and reproducibility -> Evaluation methodology; Musical features and properties -> Musical affect, emotion, and mood; Musical features and properties -> Musical style and genre; Philosophical and ethical discussions -> Philosophical and methodological foundations",2-10,poster-2-10-liem,https://ismir2020.slack.com/archives/C01C2P65ES1,https://youtu.be/PlFWxXIV87w,https://www.bilibili.com/video/BV13p4y1Y74H/
1,2,2,148,x,Spotify,san francisco,United States,-7,PDT (UTC -7),Avriel C Epps-Darling,Avriel C Epps-Darling (Harvard University)*; Henriette Cramer (Spotify); Romain Takeo Bouyer (Spotify),Philosophical and ethical discussions -> Ethical issues related to designing and implementing MIR to,"Applications -> Music recommendation and playlist generation; Human-centered MIR -> Human-computer interaction and interfaces; Human-centered MIR -> User behavior analysis and mining, user modeling; MIR fundamentals and methodology -> Metadata, tags, linked data, and semantic web",2-11,poster-2-11-epps-darling,https://ismir2020.slack.com/archives/C01C62H4MCK,https://youtu.be/v8cS1rE4lJc,https://www.bilibili.com/video/BV14h411971F/ 
1,2,2,189,x,Spotify,New York City,USA,-7,PDT,Gabriel Meseguer Brocal,Gabriel Meseguer Brocal (IRCAM)*; Rachel Bittner (Spotify); Simon Durand (Spotify); Brian Brost (Spotify),Domain knowledge -> Machine learning/Artificial intelligence for music,"Evaluation, datasets, and reproducibility -> Novel datasets and use cases; MIR tasks -> Music transcription and annotation",2-12,poster-2-12-meseguer-brocal,https://ismir2020.slack.com/archives/C01CC165D60,https://youtu.be/y8rW0MehVyA,https://www.bilibili.com/video/BV19K4y1h7Lj/
1,2,2,211,x,Queen Mary University of London,London,UK,1,GMT,Fred Bruford,"Fred Bruford (Queen Mary University of London)*; Olivier Lartillot (RITMO, University of Oslo); SKoT McDonald (inMusic Brands); Mark B. Sandler (Queen Mary University of London)","Musical features and properties -> Rhythm, beat, tempo","Applications -> Music retrieval systems; Evaluation, datasets, and reproducibility -> Novel datasets and use cases; Human-centered MIR -> Personalization; MIR fundamentals and methodology -> Symbolic music processing; MIR tasks -> Similarity metrics",2-13,poster-2-13-bruford,https://ismir2020.slack.com/archives/C01BZ4CKHL6,https://youtu.be/YMfSuHtmFYk,https://www.bilibili.com/video/BV1vD4y1d7vm/
1,2,2,226,x,Universiteit Utrecht,Utrecht,Netherlands,2,CEST (UTC +2),Peter Van Kranenburg,Peter Van Kranenburg (Utrecht University; Meertens Institute)*,"Musical features and properties -> Structure, segmentation, and form","Domain knowledge -> Computational music theory and musicology; Domain knowledge -> Machine learning/Artificial intelligence for music; Evaluation, datasets, and reproducibility -> MIR tasks; MIR fundamentals and methodology -> Symbolic music processing; Musical features and properties -> Melody and motives",2-14,poster-2-14-van-kranenburg,https://ismir2020.slack.com/archives/C01BZ4DH37G,https://youtu.be/qb4lxVhI3mA,https://www.bilibili.com/video/BV1wa411A74x/
1,2,2,239,x,IRCAM,Paris,France,2,CEST (UTC+2),Guillaume Doras,Guillaume Doras (Ircam)*; Furkan Yesiler (Universitat Pompeu Fabra); Joan Serra (Dolby Laboratories); Emilia Gomez (Universitat Pompeu Fabra); Geoffroy Peeters (Telecom ParisTech),Applications -> Music retrieval systems,"Domain knowledge -> Machine learning/Artificial intelligence for music; MIR tasks -> Automatic classification; MIR tasks -> Similarity metrics; Musical features and properties -> Harmony, chords, and tonality; Musical features and properties -> Melody and motives",2-15,poster-2-15-doras,https://ismir2020.slack.com/archives/C01C2PA922H,https://youtu.be/Cug-xXZXyHw,https://www.bilibili.com/video/BV1K54y127z2/
1,2,2,241,241_Ramires.pdf,Universitat Pompeu Fabra,Barcelona,Spain,2,UTC/GMT +2 hours,Antonio Ramires,Antonio Ramires (Universitat Pompeu Fabra)*; Frederic Font (Music Technology Group - Universitat Pompeu Fabra); Dmitry Bogdanov (Universitat Pompeu Fabra); Jordan B. L. Smith (TikTok); Yi-Hsuan Yang (Academia Sinica); Joann Ching (Academia Sinica); Bo-Yu Chen (Academia Sinica); Yueh-Kao Wu (Academia Sinica); Hsu Wei-Han (Academia Sinica); Xavier Serra (Universitat Pompeu Fabra),"Evaluation, datasets, and reproducibility -> Novel datasets and use cases","Applications -> Music composition, performance, and production; Evaluation, datasets, and reproducibility -> Annotation protocols; Evaluation, datasets, and reproducibility -> Reproducibility",2-16,poster-2-16-ramires,https://ismir2020.slack.com/archives/C01C62MD927,https://youtu.be/iGj9RF21qGk,https://www.bilibili.com/video/BV1Z54y1k7iD/
1,2,2,245,x,Telecom Paris,Paris,France,2,UTC,Karim M. Ibrahim,"Karim M. Ibrahim (Telecom-Paristech)*; Elena V. Epure (Deezer Research); Geoffroy Peeters (LTCI - Télécom Paris, IP Paris); Gael Richard (Telecom Paristech)",Human-centered MIR -> Personalization,"Evaluation, datasets, and reproducibility -> Evaluation methodology; Evaluation, datasets, and reproducibility -> Novel datasets and use cases; Human-centered MIR -> User-centered evaluation; MIR fundamentals and methodology -> Metadata, tags, linked data, and semantic web; MIR tasks -> Automatic classification",2-17,poster-2-17-ibrahim,https://ismir2020.slack.com/archives/C01CVMCA81E,https://youtu.be/LJQK8IaVF1U,https://www.bilibili.com/video/BV1Ty4y1r7t3/
1,2,2,254,x,Universitat Pompeu Fabra,Barcelona,Spain,2,CEST (UTC+2),Helena Cuesta,Helena Cuesta (Universitat Pompeu Fabra)*; Brian McFee (New York University); Emilia Gomez (Universitat Pompeu Fabra),MIR tasks -> Music transcription and annotation,MIR fundamentals and methodology -> Music signal processing; Musical features and properties -> Melody and motives,2-18,poster-2-18-cuesta,https://ismir2020.slack.com/archives/C01C62PGZEF,https://youtu.be/erC-u5EjRWE,https://www.bilibili.com/video/BV1454y1R7BT/
1,2,2,308,x,University of Manchester,Manchester,United Kingdom,1,BST (GMT+1),Jacopo de Berardinis,Jacopo de Berardinis (University of Manchester)*; Angelo Cangelosi (University of Manchester); Eduardo Coutinho (University of Liverpool),"Musical features and properties -> Musical affect, emotion, and mood",Domain knowledge -> Machine learning/Artificial intelligence for music; MIR tasks -> Sound source separation,2-19,poster-2-19-de-berardinis,https://ismir2020.slack.com/archives/C01BZ4J45JA,https://youtu.be/TBbrwS2e-mA,https://www.bilibili.com/video/BV1yt4y1v7ie/
1,2,2,359,x,University of Oslo,Oslo,Norway,2,CEST (UTC +2),Olivier Lartillot,"Olivier Lartillot (RITMO, University of Oslo)*; Fred Bruford (Queen Mary University of London / Roli)","Musical features and properties -> Rhythm, beat, tempo",Domain knowledge -> Computational music theory and musicology; Domain knowledge -> Representations of music; MIR fundamentals and methodology -> Symbolic music processing; MIR tasks -> Similarity metrics,2-20,poster-2-20-lartillot,https://ismir2020.slack.com/archives/C01BR49LS1M,https://youtu.be/YWPIhDg6N6c,https://www.bilibili.com/video/BV1s54y1R7nU/
2,1,3,6,x,Waseda University,Tokyo,Japan,9,JST (UTC+9),Keitaro Tanaka,Keitaro Tanaka (Waseda University)*; Takayuki Nakatsuka (Waseda University); Ryo Nishikimi (Kyoto University); Kazuyoshi Yoshii (Kyoto University); Shigeo Morishima (Waseda Research Institute for Science and Engineering),MIR tasks -> Music transcription and annotation,,3-01,poster-3-01-tanaka,https://ismir2020.slack.com/archives/C01CC1EGK44,https://youtu.be/3QwkP466b5I,https://www.bilibili.com/video/BV1RD4y1R7PY/
2,1,3,33,x,Smith College,Northampton,USA,-4,EDT (UTC -4),Claire Savard,"Claire Savard (University of Colorado, Boulder)*; Erin H Bugbee (Carnegie Mellon University); Melissa R McGuirl (Brown University ); Katherine M. Kinnaird (Smith College)",Domain knowledge -> Representations of music,"Evaluation, datasets, and reproducibility -> MIR tasks; MIR tasks -> Fingerprinting; MIR tasks -> Pattern matching and detection; MIR tasks -> Similarity metrics; Musical features and properties -> Structure, segmentation, and form",3-02,poster-3-02-savard,https://ismir2020.slack.com/archives/C01CC1FAA7N,https://youtu.be/Clf_QkPmi7U,https://www.bilibili.com/video/BV1DD4y1R7y6/
2,1,3,44,x,Kyoto University,Kyoto,Japan,9,JST (UTC +9),Florian Thalmann,Florian Thalmann (Kyoto University)*; Kazuyoshi Yoshii (Kyoto University); Thomas Wilmering (Queen Mary University of London); Wiggins Geraint (Vrije Universitet); Mark B. Sandler (Queen Mary University of London),"Musical features and properties -> Structure, segmentation, and form","Domain knowledge -> Computational music theory and musicology; Domain knowledge -> Representations of music; MIR tasks -> Pattern matching and detection; Musical features and properties -> Harmony, chords, and tonality",3-03,poster-3-03-thalmann,https://ismir2020.slack.com/archives/C01BZ4N1DGW,https://youtu.be/evhectJvD0k,https://www.bilibili.com/video/BV1iv411y7C6/
2,1,3,88,x,National Institute of Advanced Industrial Science and Technology (AIST),"Central 2, 1-1-1 Umezono, Tsukuba",Japan,9,JST (UTC+9),Kento Watanabe,Kento Watanabe (National Institute of Advanced Industrial Science and Technology (AIST))*; Masataka Goto (National Institute of Advanced Industrial Science and Technology (AIST)),"MIR fundamentals and methodology -> Lyrics and other textual data, web mining, and natural language","Musical features and properties -> Structure, segmentation, and form",3-04,poster-3-04-watanabe,https://ismir2020.slack.com/archives/C01BZ4NLFPY,https://youtu.be/sbmvfvNElOc,https://www.bilibili.com/video/BV1jh41197ML/
2,1,3,90,x,"Institute of Information Science, Academia Sinica",Taipei,Taiwan,8,CST (UTC +8),Tsung-Ping Chen,Tsung-Ping Chen (Academia Sinica)*; Satoru Fukayama (National Institute of Advanced Industrial Science and Technology (AIST)); Masataka Goto (National Institute of Advanced Industrial Science and Technology (AIST)); Li Su (Academia Sinica),"Musical features and properties -> Harmony, chords, and tonality","Evaluation, datasets, and reproducibility -> Novel datasets and use cases; MIR fundamentals and methodology -> Symbolic music processing",3-05,poster-3-05-chen,https://ismir2020.slack.com/archives/C01CJFA0NGH,https://youtu.be/59_zJZtvGJ0,https://www.bilibili.com/video/BV1bv411y7cL/
2,1,3,96,x,NYU Shanghai,Shanghai,China,8,CST (UTC +8),Ziyu Wang,Ziyu Wang (NYU Shanghai)*; Yiyi Zhang (New York University); Yixiao Zhang (NYU Shanghai); Junyan Jiang (NYU Shanghai); Ruihan Yang (University of California Irvine); Gus Xia (New York University Shanghai); Junbo Zhao (New York University),"Applications -> Music composition, performance, and production",Domain knowledge -> Machine learning/Artificial intelligence for music; Domain knowledge -> Representations of music; MIR fundamentals and methodology -> Symbolic music processing,3-06,poster-3-06-wang,https://ismir2020.slack.com/archives/C01C62X3DLK,https://youtu.be/T2LLqqU7wcM,https://www.bilibili.com/video/BV1wh41197ah/
2,1,3,105,x,Mitsubishi Electric Research Laboratories,Cambridge,US,-4,EDT (UTC-4),Ethan Manilow,Ethan Manilow (Northwestern University)*; Gordon Wichern (Mitsubishi Electric Research Laboratories (MERL)); Jonathan LeRoux (Mitsubishi Electric Research Laboratories (MERL)),MIR tasks -> Sound source separation,,3-07,poster-3-07-manilow,https://ismir2020.slack.com/archives/C01C5S8ELSE,https://youtu.be/YoqoiOqqy-I,https://www.bilibili.com/video/BV1tA41177Tf/
2,1,3,128,x,"International Institute of Information Technology, Hyderabad",Hyderabad,India,5.5,IST (UTC +5:30),Aayush Surana,"Aayush Surana (International Institute of Information Technology, Hyderabad)*; Yash Goyal (International Institute of Information Technology, Hyderabad); Manish Shrivastava (IIIT Hyderabad); Suvi H Saarikallio (University of Jyväskylä); Vinoo  Alluri (IIIT - Hyderabad)","Applications -> Music and health, well-being, and therapy","Domain knowledge -> Cognitive MIR; Human-centered MIR -> User behavior analysis and mining, user modeling; MIR fundamentals and methodology -> Metadata, tags, linked data, and semantic web; Musical features and properties -> Musical affect, emotion, and mood; Musical features and properties -> Musical style and genre",3-08,poster-3-08-surana,https://ismir2020.slack.com/archives/C01CJFD6UAD,https://youtu.be/jzISRwHTiZY,https://www.bilibili.com/video/BV1ph41197wx/
2,1,3,134,x,University of Ottawa,Ottawa,Canada,-4,eastern,Jada E Watson,Jada E Watson (University of Ottawa)*,Philosophical and ethical discussions -> Legal and societal aspects of MIR,"Applications -> Music recommendation and playlist generation; Applications -> Music retrieval systems; Evaluation, datasets, and reproducibility -> Evaluation methodology; MIR fundamentals and methodology -> Metadata, tags, linked data, and semantic web",3-09,poster-3-09-watson,https://ismir2020.slack.com/archives/C01CVMPHCC8,https://youtu.be/yqUEFIdCXiI,https://www.bilibili.com/video/BV1DK4y18776/
2,1,3,144,x,National Institute of Advanced Industrial Science and Technology (AIST),Tsukuba,Japan,9,JST (UTC +9),Fabrizio Pedersoli,Fabrizio Pedersoli (National Institute of Advanced Industrial Science and Technology (AIST))*; Masataka Goto (National Institute of Advanced Industrial Science and Technology (AIST)),"Musical features and properties -> Rhythm, beat, tempo",MIR fundamentals and methodology -> Multimodality,3-10,poster-3-10-pedersoli,https://ismir2020.slack.com/archives/C01C5SBJF5Y,https://youtu.be/jEw8KIyh_TQ,https://www.bilibili.com/video/BV1bt4y1v7vM/
2,1,3,156,x,Fraunhofer IDMT,Ilmenau,Germany,8,UTC+8,Estefania Cano,Estefania Cano (Fraunhofer IDMT)*; Fernando Mora Ángel (Universidad de Antioquia); Gustavo Adolfo López Gil (Universidad de Antioquia); José Ricardo Zapata (Universidad Pontificia Bolivariana); Antonio Escamilla (Universidad Pontificia Bolivariana); Juan Fernando Alzate Londoño (Universidad de Antioquia); Moises Betancur Pelaez (Universidad de Antioquia),Domain knowledge -> Computational music theory and musicology,"Applications -> Digital libraries and archives; Evaluation, datasets, and reproducibility -> Novel datasets and use cases; Musical features and properties -> Rhythm, beat, tempo",3-11,poster-3-11-cano,https://ismir2020.slack.com/archives/C01CVMRJRS4,https://youtu.be/ZC8OxT1JZgU,https://www.bilibili.com/video/BV1ap4y1Y7Xe/
2,1,3,165,165_Gupta.pdf,National University of Singapore,Singapore,Singapore,8,SGT (UTC +8),Chitralekha Gupta,Chitralekha Gupta (National University of Singapore)*; Lin Huang (National University of Singapore); Haizhou Li (National University of Singapore),Domain knowledge -> Machine learning/Artificial intelligence for music,"Applications -> Music training and education; Evaluation, datasets, and reproducibility -> Evaluation methodology; MIR fundamentals and methodology -> Music signal processing; MIR tasks -> Similarity metrics; Musical features and properties -> Timbre, instrumentation, and voice",3-12,poster-3-12-gupta,https://ismir2020.slack.com/archives/C01C5SDC4HY,https://youtu.be/uDMxr414f-4,https://www.bilibili.com/video/BV1Ei4y1j7rx/
2,1,3,225,x,Academia Sinica,Taipei,Taiwan,8,CST (UTC +8),Bo-Yu Chen,Bo-Yu Chen (Academia Sinica)*; Jordan B. L. Smith (TikTok); Yi-Hsuan Yang (Academia Sinica),"Applications -> Music composition, performance, and production",Domain knowledge -> Machine learning/Artificial intelligence for music; Human-centered MIR -> User-centered evaluation,3-13,poster-3-13-chen,https://ismir2020.slack.com/archives/C01C2PTBQ85,https://youtu.be/Id-vpCEJeS8,https://www.bilibili.com/video/BV1Zt4y1v7fq/
2,1,3,235,x,McGill University/Music Technology,Montreal,Canada,-4,EDT (UTC-4),Laurent Feisthauer,"Jacob deGroot-Maggetti (McGill University); Timothy R de Reuse (McGill University); Laurent Feisthauer (Université de Lille)*; Samuel Howes (McGill University); Yaolong Ju (McGill University); Suzuka Kokubu (McGill University); Sylvain Margot (McGill University); Néstor Nápoles López (McGill University, CIRMMT); Finn Upham (McGill University)","Evaluation, datasets, and reproducibility -> Novel datasets and use cases",Applications -> Music retrieval systems; Domain knowledge -> Computational music theory and musicology; MIR fundamentals and methodology -> Symbolic music processing; MIR tasks -> Music transcription and annotation,3-14,poster-3-14-degroot-maggetti,https://ismir2020.slack.com/archives/C01C63DEFD1,https://youtu.be/rNqzAm-lX3o,https://www.bilibili.com/video/BV1Xz4y1d7uc/
2,1,3,304,x,KAIST,Daejeon,South Korea,9,KST (UTC+9),Jongpil Lee,Jongpil Lee (KAIST)*; Nicholas J. Bryan (Adobe Research); Justin Salamon (Adobe Research); Zeyu Jin (Adobe Research); Juhan Nam (KAIST),MIR tasks -> Similarity metrics,MIR tasks -> Automatic classification,3-15,poster-3-15-lee,https://ismir2020.slack.com/archives/C01BZ6CBT9C,https://youtu.be/O5hFqUuUeoI,https://www.bilibili.com/video/BV1pa4y1L71f/
2,1,3,311,x,University of Waterloo,Waterloo,Canada,-4,EDT,Kyle Robinson,Kyle Robinson (University of Waterloo)*; Dan Brown (University of Waterloo); Markus Schedl (Johannes Kepler University Linz),Human-centered MIR -> User-centered evaluation,"Applications -> Music recommendation and playlist generation; Evaluation, datasets, and reproducibility -> Evaluation metrics; Human-centered MIR -> Human-computer interaction and interfaces; Human-centered MIR -> Personalization",3-16,poster-3-16-robinson,https://ismir2020.slack.com/archives/C01BR640B8F,https://youtu.be/qJhtwpjNP_c,https://www.bilibili.com/video/BV15D4y1d7kD/
2,1,3,341,x,KAIST,Daejeon,South Korea,9,UTC +9,Taegyun Kwon,Taegyun Kwon (KAIST)*; Dasaem Jeong (SK Telecom); Juhan Nam (KAIST),MIR tasks -> Music transcription and annotation,"Applications -> Music composition, performance, and production; Applications -> Music retrieval systems; MIR fundamentals and methodology -> Music signal processing",3-17,poster-3-17-kwon,https://ismir2020.slack.com/archives/C01C2RA1077,https://youtu.be/xOv6j5vEVJc,https://www.bilibili.com/video/BV1Bk4y1C7LK/
2,1,3,343,x,Ursinus College,Collegeville,US,-4,UTC-4,Christopher J Tralie,Christopher J Tralie (Ursinus College)*; Elizabeth Dempsey (Ursinus College),"MIR tasks -> Alignment, synchronization, and score following","Applications -> Music retrieval systems; Evaluation, datasets, and reproducibility -> Evaluation metrics",3-18,poster-3-18-tralie,https://ismir2020.slack.com/archives/C01CJH1AJKT,https://youtu.be/k4-Mlqe2vGQ,https://www.bilibili.com/video/BV16A41177zN/
2,2,4,19,x,International Audio Laboratories Erlangen,Erlangen,Germany,2,CEST (UTC+2),Michael Krause,Michael Krause (International Audio Laboratories Erlangen)*; Frank Zalkow (International Audio Laboratories Erlangen); Christof Weiss (International Audio Laboratories Erlangen); Meinard Müller (International Audio Laboratories Erlangen),MIR tasks -> Automatic classification,"Applications -> Music retrieval systems; Domain knowledge -> Machine learning/Artificial intelligence for music; Evaluation, datasets, and reproducibility -> Novel datasets and use cases; MIR tasks -> Pattern matching and detection; Musical features and properties -> Melody and motives",4-01,poster-4-01-krause,https://ismir2020.slack.com/archives/C01CVPCRL2U,https://youtu.be/F6aS0g1_AmM,https://www.bilibili.com/video/BV1C5411j7D2/
2,2,4,24,x,Harvey Mudd College,Claremont,United States,-7,PDT (UTC-7),Timothy Tsai,Daniel Yang (Harvey Mudd College); Timothy Tsai (Harvey Mudd College)*,MIR tasks -> Fingerprinting,Applications -> Music retrieval systems; Domain knowledge -> Representations of music; MIR tasks -> Indexing and querying,4-02,poster-4-02-yang,https://ismir2020.slack.com/archives/C01CJH48125,https://youtu.be/Lp_Df6aFB7o,https://www.bilibili.com/video/BV1Ya4y157E7/
3,2,4,25,x,University of Washington Information School,Seattle,United States,-7,PDT (UTC-7),Louis Spinelli,Louis Spinelli (University of Washington)*; Josephine Lau (University of Washington); Jin Ha Lee (University of Washington),Human-centered MIR -> Human-computer interaction and interfaces,,4-03,poster-4-03-spinelli,https://ismir2020.slack.com/archives/C01CVPEJ0TS,https://youtu.be/pziJI9wmkdQ,https://www.bilibili.com/video/BV1xA41177kR/
2,2,4,48,x,University of Ljubljana,Ljubljana,Slovenia,2,CEST,Matevž Pesek,Matevž Pesek (University of Ljubljana)*; Lovro Suhadolnik (University of Ljubljana); Peter Šavli (Conservatory of Music and Ballet Ljubljana); Matija Marolt (University of Ljubljana),Applications -> Music training and education,Human-centered MIR -> User-centered evaluation,4-04,poster-4-04-pesek,https://ismir2020.slack.com/archives/C01C64RMC2F,https://youtu.be/micguENUFfQ,https://www.bilibili.com/video/BV1a54y1172W/
2,2,4,57,x,Google,Zurich,Switzerland,2,CEST (UTC+2),Yunpeng Li,Yunpeng Li (Google)*; Marco Tagliasacchi (Google); Beat Gfeller (Google); Dominik Roblek (Google),Domain knowledge -> Machine learning/Artificial intelligence for music,Applications -> Digital libraries and archives; MIR fundamentals and methodology -> Music signal processing; MIR tasks -> Music synthesis and transformation,4-05,poster-4-05-li,https://ismir2020.slack.com/archives/C01C2RG4WVB,https://youtu.be/yj6xJ2Hl0uk,https://www.bilibili.com/video/BV1Ri4y1E7cs/
2,2,4,101,x,Deezer / Telecom Paris,Paris,France,2,CEST (UTC +2),Andrea Vaglio,Andrea Vaglio (Deezer / Telecom ParisTech)*; Romain Hennequin (DEEZER); Manuel Moussallam (DEEZER); Gael Richard (Telecom Paristech); Florence d’Alché-Buc (Télécom Paris),"MIR tasks -> Alignment, synchronization, and score following",,4-06,poster-4-06-vaglio,https://ismir2020.slack.com/archives/C01C64SVCGK,https://youtu.be/lIqc5HLoPbs,https://www.bilibili.com/video/BV1a54y1k7Fy/
2,2,4,124,x,Ecole Polytechnique Fédérale de Lausanne,Lausanne,Switzerland,2,CEST,Christoph Finkensiep,Christoph Finkensiep (EPFL)*; Ken Déguernel (EPFL); Markus Neuwirth (Anton Bruckner Privatuniversität Linz); Martin Rohrmeier (Ecole Polytechnique Fédérale de Lausanne),MIR tasks -> Pattern matching and detection,"Domain knowledge -> Computational music theory and musicology; MIR fundamentals and methodology -> Symbolic music processing; Musical features and properties -> Harmony, chords, and tonality; Musical features and properties -> Melody and motives; Musical features and properties -> Rhythm, beat, tempo",4-07,poster-4-07-finkensiep,https://ismir2020.slack.com/archives/C01CC4T7AP6,https://youtu.be/WXuupyB5gW0,https://www.bilibili.com/video/BV1V54y1k7aP/
2,2,4,125,x,"Google, Inc.",SUNNYVALE,United States,-7,PDT (UTC -7),Ullas Gargi,Ayush Patwari (YouTube Music); Nicholas Kong (YouTube Music); Jun Wang (YouTube Music); Ullas Gargi (YouTube Music)*; Michele Covell (Google); Aren Jansen (Google),Applications -> Music recommendation and playlist generation,"MIR tasks -> Automatic classification; Musical features and properties -> Musical affect, emotion, and mood",4-08,poster-4-08-patwari,https://ismir2020.slack.com/archives/C01BR7QEMB9,https://youtu.be/xqVhKB2pgZM,https://www.bilibili.com/video/BV1Wk4y1C7dT/
2,2,4,127,x,CNAM,Paris,France,2,CEST (UTC +2),Francesco Foscarin,"Francesco Foscarin (CNAM)*; Andrew McLeod (EPFL); Philippe Rigaux (CNAM); Florent Jacquemard (Inria, CNAM-Cédric lab, Paris); Masahiko Sakai (Nagoya Univ.)","Evaluation, datasets, and reproducibility -> Novel datasets and use cases","Evaluation, datasets, and reproducibility -> Annotation protocols; MIR tasks -> Music transcription and annotation",4-09,poster-4-09-foscarin,https://ismir2020.slack.com/archives/C01C2SWFFCM,https://youtu.be/dYb7nH80U_0,https://www.bilibili.com/video/BV1Kv411k7Pn/
2,2,4,150,x,Pandora,Oakland,USA,-7,PDT (UTC -7),Oriol Nieto,"Filip Korzeniowski (Pandora Media, Inc.); Oriol Nieto (Pandora)*; Matthew McCallum (Pandora); Minz Won (Universitat Pompeu Fabra); Sergio Oramas (Pandora Media Inc.); Erik Schmidt (Netflix, Inc.)","Musical features and properties -> Musical affect, emotion, and mood",Applications -> Music retrieval systems; MIR tasks -> Automatic classification,4-10,poster-4-10-korzeniowski,https://ismir2020.slack.com/archives/C01CC4VGAMA,https://youtu.be/KT_JRKNkEg4,https://www.bilibili.com/video/BV1Xt4y1q74s/
2,2,4,188,x,IRCAM,Paris,France,2,CEST (UTC +2),Philippe  Esling,Philippe  Esling (IRCAM)*; Théis Bazin (Sony CSL / IRCAM); Adrien Bitton (IRCAM); Tristan J. J. Carsault (Ircam); Ninon Devis (IRCAM),Domain knowledge -> Machine learning/Artificial intelligence for music,"Applications -> Music retrieval systems; Domain knowledge -> Representations of music; Evaluation, datasets, and reproducibility -> MIR tasks; MIR tasks -> Automatic classification",4-11,poster-4-11-esling,https://ismir2020.slack.com/archives/C01C2SXPS3F,https://youtu.be/xYVMBOJxdF8,https://www.bilibili.com/video/BV1aK411N7RJ/
2,2,4,207,x,University of Alicante,San Vicente del Raspeig,Spain,2,CEST (UTC +2),Francisco J. Castellanos,Francisco J. Castellanos (University of Alicante)*; Jorge Calvo-Zaragoza (University of Alicante); Jose M. Inesta (University of Alicante),MIR tasks -> Optical Music Recognition (OMR),Applications -> Music retrieval systems,4-12,poster-4-12-castellanos,https://ismir2020.slack.com/archives/C01C668PEBD,https://youtu.be/3wGvBVDZYHQ,https://www.bilibili.com/video/BV1jZ4y1L7ND/
2,2,4,219,,Otto-von-Guricke-University Magdeburg,Magdeburg,Germany,2,CET,André Ofner,André Ofner (Otto von Guericke University)*; Sebastian Stober (Otto von Guericke University),Domain knowledge -> Machine learning/Artificial intelligence for music,"Domain knowledge -> Cognitive MIR; Domain knowledge -> Representations of music; Human-centered MIR -> Personalization; MIR fundamentals and methodology -> Multimodality; Musical features and properties -> Rhythm, beat, tempo",4-13,poster-4-13-ofner,https://ismir2020.slack.com/archives/C01C2SZDFA9,https://youtu.be/fOKp7lMmzMc,https://www.bilibili.com/video/BV11A41177Ed/
2,2,4,223,x,enliteAI,Vienna,Austria,2,CEST,Sebastian Böck,Sebastian Böck (enliteAI)*; Matthew Davies (CISUC - Centre for Informatics and Systems of the University of Coimbra),"Musical features and properties -> Rhythm, beat, tempo",Domain knowledge -> Machine learning/Artificial intelligence for music; MIR fundamentals and methodology -> Music signal processing; MIR tasks -> Automatic classification,4-14,poster-4-14-böck,https://ismir2020.slack.com/archives/C01CJJWDE7K,https://youtu.be/OwwNVL3Lv6c,https://www.bilibili.com/video/BV1nD4y1d7WA/
2,2,4,246,x,Cornell University,Ithaca,United States,-7,PDT (UTC-7),Derek S Cheng,Derek S Cheng (Cornell University)*; Thorsten Joachims (Cornell University); Douglas Turnbull (Ithaca College),Applications -> Music recommendation and playlist generation,"Human-centered MIR -> User-centered evaluation; MIR tasks -> Similarity metrics; Musical features and properties -> Musical style and genre; Musical features and properties -> Rhythm, beat, tempo",4-15,poster-4-15-cheng,https://ismir2020.slack.com/archives/C01C66H1FAP,https://youtu.be/6Gz2cpysj44,https://www.bilibili.com/video/BV1Bk4y1C7E8/
2,2,4,255,x,Sony CSL,Paris,France,2,CEST (UTC+2),Javier Nistal,"Javier Nistal (Sony CSL)*; Stefan Lattner (Sony Computer Science Laboratories, Paris); Gaël Richard (LTCI, Paris Tech)",MIR tasks -> Music synthesis and transformation,Domain knowledge -> Machine learning/Artificial intelligence for music; Human-centered MIR -> Human-computer interaction and interfaces,4-16,poster-4-16-nistal,https://ismir2020.slack.com/archives/C01CJJXPD3K,https://youtu.be/z2TROKGpCWw,https://www.bilibili.com/video/BV1AK411A7v6/
2,2,4,259,x,Universitat pompeu fabra,Barcelona,Spain,2,Cmt,Pritish Chandna,Pritish Chandna (Universitat Pompeu Fabra)*; Helena Cuesta (Universitat Pompeu Fabra); Emilia Gomez (Universitat Pompeu Fabra),MIR tasks -> Music synthesis and transformation,"Applications -> Music retrieval systems; Evaluation, datasets, and reproducibility -> MIR tasks; Human-centered MIR -> User-centered evaluation; Musical features and properties -> Expression and performative aspects of music",4-17,poster-4-17-chandna,https://ismir2020.slack.com/archives/C01CJJYEDU1,https://youtu.be/YAz-0LLJC94,https://www.bilibili.com/video/BV1Qt4y1v7Qc/
2,2,4,260,x,Universitat Pompeu Fabra,Barcelona,Spain,2,CET,Albin Correya,Albin Correya (Universitat Pompeu Fabra)*; Dmitry Bogdanov (Universitat Pompeu Fabra); Luis Joglar-Ongay (SonoSuite); Xavier Serra (Universitat Pompeu Fabra),MIR fundamentals and methodology -> Music signal processing,"Applications -> Digital libraries and archives; Applications -> Music composition, performance, and production; Applications -> Music recommendation and playlist generation; Applications -> Music retrieval systems; Applications -> Music training and education",4-18,poster-4-18-correya,https://ismir2020.slack.com/archives/C01C66K4R1R,https://youtu.be/gTkYtzYQrD8,https://www.bilibili.com/video/BV1mf4y1B7y2/
2,2,4,279,x,Austrian Research Institute for Artificial Intelligence,Vienna,Austria,2,CEST (UTC +2),Carlos Eduardo Cancino-Chacón,Carlos Eduardo Cancino-Chacón (Austrian Research Institute for Artificial Intelligence)*; Silvan Peter (JKU); Shreyan Chowdhury (Johannes Kepler University Linz); Anna Aljanaki (University of Tartu); Gerhard Widmer (Johannes Kepler University),Musical features and properties -> Expression and performative aspects of music,"MIR fundamentals and methodology -> Lyrics and other textual data, web mining, and natural language processing; Musical features and properties -> Musical affect, emotion, and mood",4-19,poster-4-19-cancino-chacón,https://ismir2020.slack.com/archives/C01CJK68LQZ,https://youtu.be/btBgOwlWhsQ,https://www.bilibili.com/video/BV1WK411A7Xs/
2,2,4,368,368_Rohrmeier.pdf,Ecole Polytechnique Fédérale de Lausanne,Lausanne,Switzerland,2,CEST,Martin Rohrmeier,Martin Rohrmeier (Ecole Polytechnique Fédérale de Lausanne)*,"Musical features and properties -> Rhythm, beat, tempo",MIR fundamentals and methodology -> Symbolic music processing; Philosophical and ethical discussions -> Philosophical and methodological foundations,4-20,poster-4-20-rohrmeier,https://ismir2020.slack.com/archives/C01BR8BHJTH,https://youtu.be/2LBqVhJJXfw,https://www.bilibili.com/video/BV1Rt4y1v7iQ/
3,1,5,13,x,University of Miami,Coral Gables,USA,-4,EDT (UTC-4),Brian Manolovitz,"Brian Manolovitz (University of Miami)*; Mitsunori Ogihara (University of Miami, USA)",Human-centered MIR -> User-centered evaluation,"Applications -> Music recommendation and playlist generation; Human-centered MIR -> Personalization; Human-centered MIR -> User behavior analysis and mining, user modeling",5-01,poster-5-01-manolovitz,https://ismir2020.slack.com/archives/C01C60QQ14J,https://youtu.be/HECYI73cJlM,https://www.bilibili.com/video/BV1BT4y1c75u/
3,1,5,40,x,McGill University,MontrÃ©al,Canada,-4,EDT (UTC-4),Yaolong Ju,Yaolong Ju (McGill University)*; Sylvain Margot (McGill University); Cory McKay (Marianopolis College); Luke Dahn (University of Utah); Ichiro Fujinaga (McGill University),"Evaluation, datasets, and reproducibility -> Novel datasets and use cases","Domain knowledge -> Machine learning/Artificial intelligence for music; MIR fundamentals and methodology -> Symbolic music processing; Musical features and properties -> Harmony, chords, and tonality",5-02,poster-5-02-ju,https://ismir2020.slack.com/archives/C01C2TJG6CD,https://youtu.be/Rmsq05mW9fw,https://www.bilibili.com/video/BV1FD4y1d79o/
3,1,5,41,x,Rhodes College,Memphis,United States,-5,CDT (UTC -5),Phillip B Kirlin,Phillip B Kirlin (Rhodes College)*,MIR tasks -> Pattern matching and detection,Applications -> Music retrieval systems; MIR tasks -> Automatic classification; MIR tasks -> Indexing and querying; MIR tasks -> Music summarization; MIR tasks -> Similarity metrics,5-03,poster-5-03-kirlin,https://ismir2020.slack.com/archives/C01C66VB0HZ,https://youtu.be/KO5CgIPcULE,https://www.bilibili.com/video/BV1hT4y1c7v7/
3,1,5,60,x,Spotify,Boston,USA,-4,EDT (UTC-4),Jennifer Thom,Jennifer Thom (Spotify)*; Angela Nazarian (UC Davis); Ruth Brillman (Spotify); Henriette Cramer (Spotify); Sarah Mennicken (Spotify),Human-centered MIR -> User-centered evaluation,Human-centered MIR -> Human-computer interaction and interfaces,5-04,poster-5-04-thom,https://ismir2020.slack.com/archives/C01BZ8PV5EJ,https://youtu.be/AbLpY7iAOHU,https://www.bilibili.com/video/BV1jk4y1C76P/
3,1,5,94,x,NYU Shanghai,Shanghai,China,8,CST (UTC +8),Ziyu Wang,Ziyu Wang (NYU Shanghai)*; Dingsu Wang (New York University Shanghai); Yixiao Zhang (NYU Shanghai); Gus Xia (New York University Shanghai),"Applications -> Music composition, performance, and production",Domain knowledge -> Machine learning/Artificial intelligence for music; Domain knowledge -> Representations of music; MIR fundamentals and methodology -> Symbolic music processing,5-05,poster-5-05-wang,https://ismir2020.slack.com/archives/C01CC5K012Q,https://youtu.be/Sb6jXP_7dtE,https://www.bilibili.com/video/BV1Xy4y1k7Gv/
3,1,5,99,x,The University of Tokyo,Tokyo,Japan,9,JST (UTC +9),Lisa Kawai,Lisa Kawai (The University of Tokyo)*; Philippe  Esling (IRCAM); Tatsuya Harada (The University of Tokyo / RIKEN),Musical features and properties -> Musical style and genre,"Applications -> Music composition, performance, and production; MIR fundamentals and methodology -> Metadata, tags, linked data, and semantic web; MIR fundamentals and methodology -> Symbolic music processing; Musical features and properties -> Harmony, chords, and tonality",5-06,poster-5-06-kawai,https://ismir2020.slack.com/archives/C01CJKBGZ1P,https://youtu.be/wpGV6k-zjcE,https://www.bilibili.com/video/BV1sv411y7mb/
3,1,5,110,x,I.I.T. Bombay,Mumbai,India,5.5,IST,Rohit M A,Rohit M A (Indian Institute of Technology Bombay)*; Vinutha T P (Indian Institute of Technology Bombay); Preeti Rao (IIT Bombay),"Musical features and properties -> Structure, segmentation, and form","Domain knowledge -> Machine learning/Artificial intelligence for music; Evaluation, datasets, and reproducibility -> Novel datasets and use cases; MIR fundamentals and methodology -> Music signal processing; Musical features and properties -> Rhythm, beat, tempo",5-07,poster-5-07-m-a,https://ismir2020.slack.com/archives/C01CC5MUEQ4,https://youtu.be/LthS2thRm3s,https://www.bilibili.com/video/BV1D54y117CY/
3,1,5,155,x,Seoul National University,Seoul,South Korea,9,KST (UTC +9),Chang-Bin Jeon,Chang-Bin Jeon (Seoul National University)*; Hyeong-Seok Choi (Seoul National University); Kyogu Lee (Seoul National University),MIR tasks -> Sound source separation,"Domain knowledge -> Machine learning/Artificial intelligence for music; MIR fundamentals and methodology -> Lyrics and other textual data, web mining, and natural language processing",5-08,poster-5-08-jeon,https://ismir2020.slack.com/archives/C01CJKEFWAV,https://youtu.be/CWBAJyBCcA0,https://www.bilibili.com/video/BV17v411y7GS/
3,1,5,159,x,Indiana University Bloomington,Bloomington,USA,-4,UTC -4,Yucong Jiang,Yucong Jiang (University of Richmond)*,"MIR tasks -> Alignment, synchronization, and score following",Domain knowledge -> Machine learning/Artificial intelligence for music; MIR fundamentals and methodology -> Music signal processing,5-09,poster-5-09-jiang,https://ismir2020.slack.com/archives/C01C67139PD,https://youtu.be/LFatECSjccY,https://www.bilibili.com/video/BV1x54y1R7Df/
3,1,5,162,x,Singapore,Singapore,Singapore,8,SGT,Yin-Jyun Luo,Yin-Jyun Luo (Singapore University of Technology and Design)*; Kin Wai Cheuk (Singapore University of Technology and Design); Tomoyasu Nakano (National Institute of Advanced Industrial Science and Technology (AIST)); Masataka Goto (National Institute of Advanced Industrial Science and Technology (AIST)); Dorien Herremans (Singapore University of Technology and Design),Domain knowledge -> Machine learning/Artificial intelligence for music,,5-10,poster-5-10-luo,https://ismir2020.slack.com/archives/C01C60Y90F4,https://youtu.be/hEiekTZF3As,https://www.bilibili.com/video/BV1354y1C7Fm/
3,1,5,167,x,Google,Montreal,Canada,-4,EDT (UTC-4),Cheng-Zhi Anna Huang,Cheng-Zhi Anna Huang (Google Brain)*; Hendrik Vincent Koops (RTL Netherlands); Ed Newton-Rex (ByteDance); Monica  Dinculescu (Google Brain); Carrie Cai (),Human-centered MIR -> User-centered evaluation,Domain knowledge -> Machine learning/Artificial intelligence for music,5-11,poster-5-11-huang,https://ismir2020.slack.com/archives/C01C2TS6XSR,https://youtu.be/sZI8bvAcmfs,https://www.bilibili.com/video/BV1zt4y1v77S/
3,1,5,172,x,National Institute of Advanced Industrial Science and Technology (AIST),Tsukuba,Japan,9,JST (UTC +9),Kosetsu Tsukuda,Kosetsu Tsukuda (National Institute of Advanced Industrial Science and Technology (AIST))*; Masataka Goto (National Institute of Advanced Industrial Science and Technology (AIST)),Applications -> Music retrieval systems,,5-12,poster-5-12-tsukuda,https://ismir2020.slack.com/archives/C01CVRSN6RW,https://youtu.be/kQW1LLIee6A,https://www.bilibili.com/video/BV1Ca411w7pX/
3,1,5,275,x,UFMG,Belo Horizonte,Brazil,-3,BRT (UTC -3),Mirella M Moro,Gabriel Oliveira (Universidade Federal de Minas Gerais); Mariana Santos (Universidade Federal de Minas Gerais); Danilo B Seufitelli (Universidade Federal de Minas Gerais); Anisio Lacerda (Universidade Federal de Minas Gerais); Mirella M Moro (Universidade Federal de Minas Gerais)*,MIR tasks -> Pattern matching and detection,"Domain knowledge -> Machine learning/Artificial intelligence for music; Evaluation, datasets, and reproducibility -> Novel datasets and use cases; Musical features and properties -> Musical style and genre",5-13,poster-5-13-oliveira,https://ismir2020.slack.com/archives/C01C2TTHT9T,https://youtu.be/NjN4hEOPRh0,https://www.bilibili.com/video/BV1Gt4y1i7Yx/
3,1,5,276,x,Universitat Pompeu-Fabra,Ogden,USA,7,MT (UTCâˆ’07),Darius Petermann,Darius Petermann (Universitat Pompeu Fabra)*; Pritish Chandna (Universitat Pompeu Fabra); Helena Cuesta (Universitat Pompeu Fabra); Jordi Bonada (Universitat Pompeu Fabra); Emilia Gomez (Universitat Pompeu Fabra),MIR tasks -> Music synthesis and transformation,"Applications -> Music composition, performance, and production; Applications -> Music retrieval systems; Evaluation, datasets, and reproducibility -> Novel datasets and use cases; MIR fundamentals and methodology -> Music signal processing",5-14,poster-5-14-petermann,https://ismir2020.slack.com/archives/C01C610T30A,https://youtu.be/4A1Up4S3plQ,https://www.bilibili.com/video/BV1My4y1r7bJ/
3,1,5,324,x,Universidade de São Paulo,São  Carlos,Brazil,-3,BRT (UTC -3),Antonio R. Parmezan,Antonio R. Parmezan (Universidade de São Paulo)*; Diego Furtado Silva (Universidade Federal de São Carlos); Gustavo Batista (),MIR tasks -> Automatic classification,Domain knowledge -> Machine learning/Artificial intelligence for music; MIR fundamentals and methodology -> Music signal processing; Musical features and properties -> Musical style and genre,5-15,poster-5-15-parmezan,https://ismir2020.slack.com/archives/C01BZ8YR7GW,https://youtu.be/mcRGCf2eI9A,https://www.bilibili.com/video/BV1WV41127SG/
3,1,5,334,x,Georgia Institute of Technology,Atlanta,USA,-4,EDT (UTC-4),Yun-Ning Hung,Yun-Ning Hung (Georgia Tech)*; Alexander Lerch (Georgia Tech Center for Music Technology),MIR tasks -> Sound source separation,"Domain knowledge -> Machine learning/Artificial intelligence for music; Evaluation, datasets, and reproducibility -> Novel datasets and use cases; Musical features and properties -> Timbre, instrumentation, and voice",5-16,poster-5-16-hung,https://ismir2020.slack.com/archives/C01CJKKNU3T,https://youtu.be/IjbjHtlwriY,https://www.bilibili.com/video/BV14T4y1w7eF/
3,1,5,349,x,National Taiwan University,Taipei,Taiwan,8,UTC +8,Yu-Hua Chen,Yu-Hua Chen (National Taiwan University)*; Yu-Siang Huang (National Taiwan University); Wen-Yi Hsiao (Taiwan AI Labs); Yi-Hsuan Yang (Academia Sinica),"Applications -> Music composition, performance, and production","Domain knowledge -> Machine learning/Artificial intelligence for music; Domain knowledge -> Representations of music; MIR fundamentals and methodology -> Symbolic music processing; MIR tasks -> Music synthesis and transformation; Musical features and properties -> Rhythm, beat, tempo",5-17,poster-5-17-chen,https://ismir2020.slack.com/archives/C01BZ90204W,https://youtu.be/aXukC0-9Rn8,https://www.bilibili.com/video/BV1By4y1C7Uv/
3,1,5,352,x,KAIST,Daejeon,South Korea,9,"Time zone in Seoul, South Korea (GMT+9)",Taejun Kim,Taejun Kim (KAIST)*; Minsuk Choi (KAIST); Evan Sacks (1001Tracklists); Yi-Hsuan Yang (Academia Sinica); Juhan Nam (KAIST),"Applications -> Music composition, performance, and production","Evaluation, datasets, and reproducibility -> Novel datasets and use cases; MIR tasks -> Alignment, synchronization, and score following; Musical features and properties -> Structure, segmentation, and form",5-18,poster-5-18-kim,https://ismir2020.slack.com/archives/C01BR8RHBDM,https://youtu.be/rC1e5XAyEQw,https://www.bilibili.com/video/BV1LT4y1w7Z3/
3,2,6,14,x,International Audio Laboratories Erlangen,Erlangen,Germany,2,CEST (UTC +2),Hendrik Schreiber,Hendrik Schreiber (International Audio Laboratories Erlangen)*; Frank Zalkow (International Audio Laboratories Erlangen); Meinard Müller (International Audio Laboratories Erlangen),"Musical features and properties -> Rhythm, beat, tempo","Applications -> Digital libraries and archives; Domain knowledge -> Computational music theory and musicology; Domain knowledge -> Machine learning/Artificial intelligence for music; Evaluation, datasets, and reproducibility -> Evaluation metrics",6-01,poster-6-01-schreiber,https://ismir2020.slack.com/archives/C01CVRY36HW,https://youtu.be/bo6mhFbaMuw,https://www.bilibili.com/video/BV18D4y1R7ig/
3,2,6,49,x,Johannes Kepler University,Linz,Austria,2,CEST (UTC +2),Florian Henkel,Florian Henkel (Johannes Kepler University Linz)*; Rainer Kelz (Austrian Research Institute for Artificial Intelligence (OFAI)); Gerhard Widmer (Johannes Kepler University),"MIR tasks -> Alignment, synchronization, and score following",Domain knowledge -> Machine learning/Artificial intelligence for music; MIR fundamentals and methodology -> Multimodality,6-02,poster-6-02-henkel,https://ismir2020.slack.com/archives/C01C615N1FU,https://youtu.be/bmC1Zcq3q8Q,https://www.bilibili.com/video/BV1Jt4y1v7kx/
3,2,6,78,x,Université Rennes 1,Rennes,France,2,CEST (UTC +2),Axel Marmoret,Axel Marmoret (Univ Rennes 1)*; Jeremy Cohen (); Frédéric Bimbot (CNRS); Nancy Bertin (IRISA),MIR fundamentals and methodology -> Music signal processing,"Musical features and properties -> Structure, segmentation, and form",6-03,poster-6-03-marmoret,https://ismir2020.slack.com/archives/C01BZ93GNKG,https://youtu.be/Mm6U7fcHsR0,https://www.bilibili.com/video/BV1tt4y1v7SE/
3,2,6,113,x,University of Coimbra,Coimbra,Portugal,1,GMT+1 ,Matthew Davies,Matthew Davies (CISUC - Centre for Informatics and Systems of the University of Coimbra)*; Magdalena Fuentes (New York University); João Fonseca (FEUP); Luis Aly (FEUP / INESC TEC); Marco Jerónimo (FEUP ); Filippo Bonini Baraldi (Universidade Nova de Lisboa),Musical features and properties -> Expression and performative aspects of music,"Applications -> Music and health, well-being, and therapy; Musical features and properties -> Rhythm, beat, tempo",6-04,poster-6-04-davies,https://ismir2020.slack.com/archives/C01C2U02CSH,https://youtu.be/Z9PIFze6hdE,https://www.bilibili.com/video/BV1cv411k7JA/
3,2,6,118,x,Deezer,Paris,France,1,UTC+1,Elena V. Epure,Elena V. Epure (Deezer Research)*; Guillaume Salha (École polytechnique); Romain Hennequin (DEEZER),"MIR fundamentals and methodology -> Metadata, tags, linked data, and semantic web","Domain knowledge -> Computational music theory and musicology; Domain knowledge -> Representations of music; MIR fundamentals and methodology -> Lyrics and other textual data, web mining, and natural language processing; Musical features and properties -> Musical style and genre",6-05,poster-6-05-epure,https://ismir2020.slack.com/archives/C01CJKR0U3T,https://youtu.be/9E2qrKV9r4A,https://www.bilibili.com/video/BV1Mk4y1C7Fr/
3,2,6,123,x,Ecole Polytechnique Fédérale de Lausanne,Lausanne,Switzerland,2,CEST,Robert Lieck,Robert Lieck (EPFL)*; Martin Rohrmeier (Ecole Polytechnique Fédérale de Lausanne),Domain knowledge -> Machine learning/Artificial intelligence for music,"Domain knowledge -> Computational music theory and musicology; Domain knowledge -> Representations of music; MIR tasks -> Automatic classification; Musical features and properties -> Harmony, chords, and tonality; Musical features and properties -> Structure, segmentation, and form",6-06,poster-6-06-lieck,https://ismir2020.slack.com/archives/C01CC5ZM6G4,https://youtu.be/hbZJ454rPS0,https://www.bilibili.com/video/BV1KK4y1h7zw/
3,2,6,131,x,IRCAM,Paris,France,2,GMT+2,Gabriel Meseguer Brocal,"Gabriel Meseguer Brocal (IRCAM)*; Geoffroy Peeters (LTCI - Télécom Paris, IP Paris)",MIR tasks -> Sound source separation,"Evaluation, datasets, and reproducibility -> Novel datasets and use cases; MIR fundamentals and methodology -> Lyrics and other textual data, web mining, and natural language processing; MIR fundamentals and methodology -> Multimodality",6-07,poster-6-07-meseguer-brocal,https://ismir2020.slack.com/archives/C01BZ961TE2,https://youtu.be/waKOiJPdBFQ,https://www.bilibili.com/video/BV1XK411P7Q7/
3,2,6,132,x,Technion - Israel Institute of Technology,Haifa,Israel,3,GMT+3,Shunit Haviv Hakimi,Shunit Haviv Hakimi (Technion)*; Nadav Bhonker (Technion); Ran El-Yaniv (Technion),Domain knowledge -> Machine learning/Artificial intelligence for music,"Applications -> Music composition, performance, and production; Human-centered MIR -> Personalization",6-08,poster-6-08-haviv-hakimi,https://ismir2020.slack.com/archives/C01CJKT6NQH,https://youtu.be/oNJmBT6eYBU,https://www.bilibili.com/video/BV1iV41117Kr/
3,2,6,147,x,University of Washington Information School,Seattle,United States,-7,PDT (UTC-7),Jin Ha Lee,Jin Ha Lee (University of Washington)*; Anh Thu Nguyen (University of Washington),Human-centered MIR -> Human-computer interaction and interfaces,,6-09,poster-6-09-lee,https://ismir2020.slack.com/archives/C01BR8YH48P,https://youtu.be/9M6URVU96sw,https://www.bilibili.com/video/BV1wp4y1Y7vM/
3,2,6,182,182_McLeod.pdf,EPFL,Lausanne,Switzerland,2,CEST (UST+2),Andrew McLeod,Andrew McLeod (EPFL)*; James Owers (University of Edinburgh); Kazuyoshi Yoshii (Kyoto University),"Evaluation, datasets, and reproducibility -> Novel datasets and use cases",MIR fundamentals and methodology -> Symbolic music processing; MIR tasks -> Music transcription and annotation,6-10,poster-6-10-mcleod,https://ismir2020.slack.com/archives/C01BR8Z7LBZ,https://youtu.be/-PR0rgK_tfE,https://www.bilibili.com/video/BV12i4y1j7H9/
3,2,6,190,x,Universitat Pompeu Fabra,Barcelona,Spain,2,CEST (UTC +2),Juan S. Gómez-Cañón,Juan S. Gómez-Cañón (Universitat Pompeu Fabra)*; Estefania Cano (Fraunhofer IDMT); Perfecto Herrera (Universitat Pompeu Fabra); Emilia Gomez (Universitat Pompeu Fabra),"Musical features and properties -> Musical affect, emotion, and mood","Domain knowledge -> Cognitive MIR; Evaluation, datasets, and reproducibility -> Annotation protocols; Evaluation, datasets, and reproducibility -> Evaluation methodology; Human-centered MIR -> User-centered evaluation",6-11,poster-6-11-gómez-cañón,https://ismir2020.slack.com/archives/C01C67PA0TD,https://youtu.be/tmG2AO5U9Dw,https://www.bilibili.com/video/BV1Mt4y1i72o/
3,2,6,228,x,Musixmatch SPA,Milano,Italy,2,CEST (UTC +2),Jaehun Kim,Jaehun Kim (Delft University of Technology)*; Andrew M. Demetriou (Delft University of Technology); Sandy Manolios (Delft University of Technology); M. Stella Tavella (Musixmatch); Cynthia C. S. Liem (Delft University of Technology),"MIR fundamentals and methodology -> Lyrics and other textual data, web mining, and natural language","Applications -> Music recommendation and playlist generation; Domain knowledge -> Machine learning/Artificial intelligence for music; Evaluation, datasets, and reproducibility -> MIR tasks; MIR tasks -> Automatic classification",6-12,poster-6-12-kim,https://ismir2020.slack.com/archives/C01C2UF1545,https://youtu.be/QpjCi06BzeQ,https://www.bilibili.com/video/BV17y4y1r7Pw/
3,2,6,232,232_Cornelissen.pdf,University of Amsterdam,Amsterdam,The Netherlands,2,CEST (UTC+2),Bas Cornelissen,"Bas Cornelissen (University of Amsterdam)*; Willem Zuidema (ILLC, UvA); John Ashley Burgoyne (University of Amsterdam)",Musical features and properties -> Melody and motives,"Domain knowledge -> Computational music theory and musicology; Musical features and properties -> Harmony, chords, and tonality; Musical features and properties -> Structure, segmentation, and form",6-13,poster-6-13-cornelissen,https://ismir2020.slack.com/archives/C01CJL6F2E5,https://youtu.be/1YmacSjitO0,https://www.bilibili.com/video/BV1d5411j7Qm/
3,2,6,236,x,University of Florence,Firenze,Italy,2,CEST (UTC +2),Luca Angioloni,Luca Angioloni (University of Florence)*; Valentijn Borghuis (Eindhoven University of Technology); Lorenzo  Brusci (Musica Combinatoria (Musi-Co)); Paolo Frasconi (University of Florence),Domain knowledge -> Machine learning/Artificial intelligence for music,"Applications -> Music composition, performance, and production",6-14,poster-6-14-angioloni,https://ismir2020.slack.com/archives/C01BR9BV96K,https://youtu.be/z32N1ETvEUY,https://www.bilibili.com/video/BV1Cr4y1c7sX/
3,2,6,244,x,"Music Technology Group, Universitat Pompeu Fabra",Barcelona,Spain,2,UTC +2,Furkan Yesiler,Furkan Yesiler (Universitat Pompeu Fabra)*; Joan Serra (Dolby Laboratories); Emilia Gomez (Universitat Pompeu Fabra),Applications -> Music retrieval systems,MIR tasks -> Indexing and querying; MIR tasks -> Similarity metrics,6-15,poster-6-15-yesiler,https://ismir2020.slack.com/archives/C01C61QFN9G,https://youtu.be/P6piggaxdkw,https://www.bilibili.com/video/BV1tD4y1d7rB/
3,2,6,247,x,Amazon Web Services,Santa Clara,United States,-7,PDT (UTC -7),Wayne Chi,Wayne Chi (Amazon)*; Prachi Kumar (Amazon); Suri Yaddanapudi (Amazon); Suresh Rahul (Amazon); Umut Isik (Amazon),Domain knowledge -> Machine learning/Artificial intelligence for music,"Applications -> Music composition, performance, and production; Domain knowledge -> Representations of music; MIR tasks -> Music synthesis and transformation",6-16,poster-6-16-chi,https://ismir2020.slack.com/archives/C01BZ9NFN1L,https://youtu.be/pTtPxxpB8As,https://www.bilibili.com/video/BV1et4y1v7zR/
3,2,6,257,x,Delft University of Technology,Delft,Netherlands,2,CEST (UTC +2),Ioannis Petros Samiotis,Ioannis Petros Samiotis (Delft University of Technology)*; Sihang Qiu (Delft University of Technology); Andrea Mauri (TU Delft); Cynthia C. S. Liem (Delft University of Technology); Christoph Lofi (TU Delft); Alessandro  Bozzon (Delft University of Technology),Domain knowledge -> Representations of music,"Evaluation, datasets, and reproducibility -> Annotation protocols; Human-centered MIR -> Human-computer interaction and interfaces; MIR fundamentals and methodology -> Multimodality; MIR tasks -> Music transcription and annotation; MIR tasks -> Optical Music Recognition (OMR)",6-17,poster-6-17-samiotis,https://ismir2020.slack.com/archives/C01BR9E2JMV,https://youtu.be/CagvCeCAK3Y,https://www.bilibili.com/video/BV1vy4y1C7Gm/
3,2,6,307,x,Queen Mary University of London,London,UK,1,BST,Jiawen Huang,Jiawen Huang (Georgia Institute of Technology)*; Yun-Ning Hung (Georgia Institute of Technology); Ashis Pati (Georgia Institute of Technology); Siddharth Kumar Gururani (Georgia Institute of Technology); Alexander Lerch (Georgia Tech Center for Music Technology),Musical features and properties -> Expression and performative aspects of music,Applications -> Music training and education; Domain knowledge -> Machine learning/Artificial intelligence for music; MIR fundamentals and methodology -> Multimodality,6-18,poster-6-18-huang,https://ismir2020.slack.com/archives/C01CJLA8RT3,https://youtu.be/4qubxn1yNq0,https://www.bilibili.com/video/BV1o54y1172a/
3,2,6,310,310_Michelashvili.pdf,Tel Aviv University,Tel Aviv,Israel,3,GMT +3,Michael M Michelashvili,"Michael M Michelashvili (Tel Aviv University)*; Lior Wolf (Tel Aviv University, Israel)",Domain knowledge -> Machine learning/Artificial intelligence for music,Domain knowledge -> Representations of music; MIR fundamentals and methodology -> Music signal processing; MIR tasks -> Music synthesis and transformation,6-19,poster-6-19-michelashvili,https://ismir2020.slack.com/archives/C01BZ9R7ECE,https://youtu.be/cIC3fr6Ee2Y,https://www.bilibili.com/video/BV1Yi4y1j7CT/
3,2,6,323,x,Queen Mary University of London,London,UK,1,BST,Polina Proutskova,Polina Proutskova (Queen Mary University of London)*; Anja Volk (Utrecht University); Peyman Heidarian (University of Waikato); Gyorgy Fazekas (Queen Mary University of London),"MIR fundamentals and methodology -> Metadata, tags, linked data, and semantic web","Applications -> Digital libraries and archives; Domain knowledge -> Representations of music; Evaluation, datasets, and reproducibility -> Novel datasets and use cases; Philosophical and ethical discussions -> Philosophical and methodological foundations",6-20,poster-6-20-proutskova,https://ismir2020.slack.com/archives/C01C61V3M42,https://youtu.be/NNIB4LCcGzo,https://www.bilibili.com/video/BV1qp4y1Y7JU/